timestamps,TP9_0,TP9_1,TP9_2,TP9_3,TP9_4,TP9_5,TP9_6,TP9_7,TP9_8,TP9_9,TP9_10,TP9_11,TP9_12,TP9_13,TP9_14,AF7_0,AF7_1,AF7_2,AF7_3,AF7_4,AF7_5,AF7_6,AF7_7,AF7_8,AF7_9,AF7_10,AF7_11,AF7_12,AF7_13,AF7_14,AF8_0,AF8_1,AF8_2,AF8_3,AF8_4,AF8_5,AF8_6,AF8_7,AF8_8,AF8_9,AF8_10,AF8_11,AF8_12,AF8_13,AF8_14,TP10_0,TP10_1,TP10_2,TP10_3,TP10_4,TP10_5,TP10_6,TP10_7,TP10_8,TP10_9,TP10_10,TP10_11,TP10_12,TP10_13,TP10_14
5.018103837966919,TP9_0,TP9_1,TP9_2,TP9_3,TP9_4,TP9_5,TP9_6,TP9_7,TP9_8,TP9_9,TP9_10,TP9_11,TP9_12,TP9_13,TP9_14,AF7_0,AF7_1,AF7_2,AF7_3,AF7_4,AF7_5,AF7_6,AF7_7,AF7_8,AF7_9,AF7_10,AF7_11,AF7_12,AF7_13,AF7_14,AF8_0,AF8_1,AF8_2,AF8_3,AF8_4,AF8_5,AF8_6,AF8_7,AF8_8,AF8_9,AF8_10,AF8_11,AF8_12,AF8_13,AF8_14,TP10_0,TP10_1,TP10_2,TP10_3,TP10_4,TP10_5,TP10_6,TP10_7,TP10_8,TP10_9,TP10_10,TP10_11,TP10_12,TP10_13,TP10_14
10.029320001602173,TP9_0,TP9_1,TP9_2,TP9_3,TP9_4,TP9_5,TP9_6,TP9_7,TP9_8,TP9_9,TP9_10,TP9_11,TP9_12,TP9_13,TP9_14,AF7_0,AF7_1,AF7_2,AF7_3,AF7_4,AF7_5,AF7_6,AF7_7,AF7_8,AF7_9,AF7_10,AF7_11,AF7_12,AF7_13,AF7_14,AF8_0,AF8_1,AF8_2,AF8_3,AF8_4,AF8_5,AF8_6,AF8_7,AF8_8,AF8_9,AF8_10,AF8_11,AF8_12,AF8_13,AF8_14,TP10_0,TP10_1,TP10_2,TP10_3,TP10_4,TP10_5,TP10_6,TP10_7,TP10_8,TP10_9,TP10_10,TP10_11,TP10_12,TP10_13,TP10_14
15.048737525939941,TP9_0,TP9_1,TP9_2,TP9_3,TP9_4,TP9_5,TP9_6,TP9_7,TP9_8,TP9_9,TP9_10,TP9_11,TP9_12,TP9_13,TP9_14,AF7_0,AF7_1,AF7_2,AF7_3,AF7_4,AF7_5,AF7_6,AF7_7,AF7_8,AF7_9,AF7_10,AF7_11,AF7_12,AF7_13,AF7_14,AF8_0,AF8_1,AF8_2,AF8_3,AF8_4,AF8_5,AF8_6,AF8_7,AF8_8,AF8_9,AF8_10,AF8_11,AF8_12,AF8_13,AF8_14,TP10_0,TP10_1,TP10_2,TP10_3,TP10_4,TP10_5,TP10_6,TP10_7,TP10_8,TP10_9,TP10_10,TP10_11,TP10_12,TP10_13,TP10_14
20.065105199813843,1.7993623417325295,0.41202608289597126,6.259311516408245,12.218779268671229,51.83291595741519,0.22898449819687172,3.478627606700616,6.790616311835384,28.80626917394941,15.191541934466809,29.65535381350175,125.80008428860076,1.952096366611688,8.280929271780078,4.242069916944487,1.5455273126252442,0.6421432990134074,4.1999672660578335,4.390012482380509,9.111148991264363,0.41548492463886516,2.717497925626263,2.840462569971411,5.895171775248732,6.540545190630639,6.836499717625879,14.188653849168535,1.0452492136923381,2.1693380957743167,2.0754266708425826,0.6905819214242571,1.528764886148299,2.0179820746688653,6.092399000843424,7.316001722056513,2.213734299611221,2.9221472674914173,8.82212350459226,10.593966472461343,1.3200081274453799,3.9851772211966066,4.785563685001343,3.019055063629908,3.625404711911036,1.2008408709022003,1.991268761915074,2.1561406087992574,6.024014254831726,21.03828896753021,44.8660491915233,1.0827973852839534,3.0252140595216375,10.565268420771558,22.531388052496755,2.793887481293006,9.757382650126104,20.80849876321793,3.4924035829855273,7.447865707744177,2.1325902149536997
25.08074927330017,1.143501153399104,0.37941332127908706,5.857536792937774,14.103798461756336,48.50232495779193,0.3317996839367109,5.122458141407209,12.333873402604114,42.41563273776924,15.438405729115436,37.172649642899415,127.83506070445749,2.4078036485849803,8.28032783614257,3.4389547673493888,1.1633417431283342,0.5599865073408969,4.281616695569799,4.905011748937612,11.610446405889027,0.4813602801142862,3.6804461980846086,4.216311997665948,9.980254275641702,7.645928320489561,8.759160595188487,20.733439562716217,1.1455980527198621,2.71169682655208,2.3670578176298473,1.0779453842312354,0.5042419592861853,2.4360942671802666,3.6163677179605354,5.068596169754967,0.4677806191876766,2.2599422037672436,3.35487100818159,4.702089961051011,4.8312010183144,7.171889707631503,10.051912730408572,1.4844941621025256,2.080623988176686,1.4015710140818924,1.952440494516188,1.1908952341043184,4.878543288096107,18.64910615689204,23.732205496216697,0.6099521278365109,2.498689871367887,9.551689902597138,12.155149190396967,4.096534395626579,15.659736996863687,19.928038014247218,3.8226792416492033,4.8646089815631,1.272565306699492
30.088855504989624,0.7603196590596735,0.36710961700164013,2.438751816747248,7.818853476539945,18.228139268555818,0.4828358870210768,3.2075348673259065,10.283639760426457,23.974310083076766,6.643116126092529,21.298416370565995,49.65312382016508,3.2060882221990736,7.47437239959419,2.3313059035123733,2.1914099458370058,1.010906966553314,2.407264458284181,4.714072046717755,7.323796590565876,0.46130436182135676,1.0985002887557533,2.1511593737506844,3.3420477097308066,2.381291788394481,4.663210565053655,7.244778038810388,1.9582692838317364,3.0423730825926945,1.553603024727885,0.5622461537652992,0.4627002246568281,1.2199894120790933,2.6991826209556544,4.351500024110657,0.8229495596513676,2.1698492802644562,4.800713358160892,7.739492738134627,2.636673481159266,5.833545084093191,9.404577288325383,2.21246397241738,3.5668342536636253,1.6121547280005806,0.8998710576474206,0.9312106334591942,3.487928192483861,9.341430537851986,18.442002130922532,1.03482674050403,3.876031085611901,10.380854521839796,20.494049646553155,3.7455845832936383,10.03149040851382,19.804329405491764,2.6782175613539985,5.287380104516835,1.9742160535471023
35.107473611831665,0.6103855616131334,0.16309712351882505,2.455448058033272,5.619427017113046,15.10664030948852,0.26720344283339575,4.022782012641302,9.206356392608575,24.749340842146612,15.05512792044955,34.45448267801264,92.6235851593353,2.2885546280355897,6.1522947960823124,2.6882883723703,1.1951467764083734,0.37276932709133714,2.4503667690290922,5.030412518188161,8.203170676071979,0.3119025499207509,2.0502643000827696,4.209033248037899,6.863734930301994,6.573413075987058,13.494706116084473,22.006023779048782,2.052922273420056,3.347731768057856,1.6307153034492234,0.5618857614109384,0.7796878698700309,1.8312629962337346,3.333095144945084,6.965645671242047,1.3876270292241872,3.2591375720845677,5.931980081814897,12.396907253443786,2.348712949117696,4.274909580805317,8.933890009604967,1.820107298514791,3.803738559435721,2.0898430342758223,0.8612910925805891,0.6254705969912352,3.5624014768051913,5.364877173074918,13.120185277126573,0.7262011675021605,4.136117867109911,6.228878040524886,15.233160298704641,5.695553866067843,8.577345120429532,20.97650207737971,1.5059720831595351,3.682960879775103,2.445570486305588
40.12201929092407,1.6161363242255333,1.4370026131395948,3.250211485911613,15.43270193053827,42.593649759231766,0.8891592816764508,2.0110998293842215,9.549133757595452,26.355233231728157,2.2617992870663466,10.73950860591726,29.640620949305184,4.748214692315549,13.104885618630808,2.7599606310640485,1.6600409182879405,0.5580399648495786,3.0226188805374483,5.30813397938833,8.983849734292884,0.3361603673149847,1.8208098651295797,3.1975922526432647,5.411824272113876,5.416491776448672,9.51210363727113,16.098936098088437,1.7561373726496727,2.9722072445651753,1.6924685339852927,1.745683058765543,1.2243571220230793,2.7686149834706226,7.711986147072908,9.9002354472362,0.7013627793861283,1.5859780328214013,4.417747029364212,5.671267414508299,2.26128058037174,6.298804497767716,8.086068410234297,2.7855032906762203,3.575880180647462,1.283746528900839,1.672891247173886,3.6066406251822776,8.688814171318857,19.786327316896713,35.50886655056378,2.155932509824048,5.193890628573366,11.827623194468215,21.226045991065472,2.4091155937888127,5.486082305718142,9.845413014713431,2.2772183783386617,4.086733339029848,1.7946163520827165
45.14406609535217,1.9895700315491858,0.6992694264141399,4.691241076195413,13.19318671689465,32.44841894170241,0.35146761125550896,2.357917038257036,6.631174830584741,16.309262014987393,6.708774756894694,18.867100746202265,46.4033142534176,2.812302011900505,6.916809094794592,2.459483037570468,3.0018632150017974,0.7364921745643804,4.240596477414059,4.845894057766843,9.005492607501859,0.24534501468413492,1.4126547992665681,1.6142954261038645,2.999967674242101,5.7578296468964965,6.579695243378638,12.227546902081366,1.142738782993542,2.1236381852096105,1.8583758745340593,1.3273146445552695,0.9456045059784461,2.187741154927361,4.378855856520076,5.814300290799945,0.7124192518009027,1.648246076317787,3.2990337856079766,4.380498862609993,2.3135900274329146,4.6307476633575675,6.148765423641578,2.001542022765242,2.657672859380385,1.3278126710068578,1.9217144043710968,2.1589859271930076,5.513871539214735,8.687458123105708,24.18573014988281,1.1234686706215125,2.8692460891550704,4.520681170597137,12.585496624717175,2.5539173135711732,4.023860467863565,11.202356553258197,1.5755641134038723,4.386342695486021,2.783982357918587
50.158814907073975,3.2638566562144717,1.8175128270096084,6.765875086175157,18.457279914165493,61.6381921967951,0.5568604931068325,2.0729694342711857,5.655052245944175,18.885079428789957,3.7226010103638125,10.155240524235332,33.913484010019175,2.727995961953186,9.110158170484349,3.3395057388434224,2.793380012110722,1.5693703321934533,3.1105807755365023,5.320032469575934,6.45309396978886,0.5618176994857252,1.1135544616380706,1.9045144042381952,2.31013823461592,1.9820565686296323,3.3899152803152033,4.111900064256726,1.7103019832874629,2.0745624162985616,1.2129801851196678,1.4034619621625801,1.0436840177068838,4.130699214579272,6.953744623651259,12.687729845554559,0.7436496647894053,2.9432213525860855,4.954708293580187,9.0403090269751,3.957806332662812,6.662691490600368,12.156677337486908,1.6834303982018517,3.071569530110862,1.8245895603356959,4.048476809429211,3.9820095725581024,12.919768640161443,26.300277317558713,53.59455587262912,0.9835821618846129,3.19126655488561,6.496338883874391,13.23820251305462,3.244534802024996,6.604775010790098,13.459173037145458,2.0356616321908123,4.1482597223938695,2.037794325341508
55.16790986061096,0.7214621332792013,0.7391411320507167,3.873530004933478,11.873979374511217,44.72161828782803,1.0245044028730386,5.368999738527436,16.458215652346734,61.9874782402766,5.2405823962015585,16.06456312553916,60.50484318705107,3.065415618153998,11.545442588767568,3.766354722143768,1.3755643215283742,1.6615666123357262,7.24969207913899,10.465572815591406,14.361840735802598,1.2079163339229226,5.270340300106024,7.608203158368651,10.440690057914063,4.363166679756418,6.2986176647348255,8.643553998484373,1.443588596777251,1.9810276876626027,1.3722938045404078,0.5157050720881524,1.0339203684579013,1.8397811476260038,3.3454177785313632,6.9732337591691715,2.004867557868749,3.5675064047295613,6.487075577878963,13.521747480461464,1.7794224814141626,3.2356629007329407,6.744459217463521,1.8183781167929598,3.7902517743304496,2.084413433777595,1.0757927669305165,1.3440176359462885,5.981411357974293,15.631574002377695,58.69554735641141,1.2493276374975817,5.560003322053031,14.530283603763355,54.56027328003262,4.450396481414423,11.63048280342832,43.671709199772046,2.613358798929287,9.812992928192395,3.754935193825223
60.18412518501282,1.5138804085571322,1.17931745424271,4.902295725911567,12.57525010577115,43.36140439174552,0.7790030491026095,3.238231830071642,8.306633756993081,28.64255600815453,4.156892368780838,10.663159491560526,36.76822066505385,2.5651757480283015,8.84512212565116,3.4481544324788977,1.0197782075416724,1.0972409413115012,2.5673525731946136,3.35813724980284,5.5278110430855305,1.0759603737331909,2.5175597538837393,3.2930074647291505,5.420601266241161,2.339825717882828,3.0605285706792467,5.0379190521985935,1.3080156129955443,2.1531172230883557,1.6460944362563128,0.9967646297784599,1.586102028345137,1.8661929566670252,3.2601840234913686,4.406763902777248,1.591250312220311,1.8722503797930747,3.2707661629365545,4.4210676935403415,1.1765907383739505,2.0554692984617695,2.7783609276227046,1.7469704897579172,2.361365627832837,1.3516917667911255,1.850095994809334,2.6833320742297957,4.012738442640556,14.615843671830715,34.87850597143995,1.4503745112460138,2.1689352627640806,7.9000461126542705,18.852268244078022,1.4954311772210838,5.4469008186494925,12.998207082308745,3.6423614149674943,8.691946028879066,2.3863491396436936
65.2068498134613,1.9572607693508874,2.001433538373124,6.064839552241172,13.332457978410522,48.50638048771947,1.0225686682704451,3.0986364449804693,6.81179441553521,24.782788909525983,3.0302477878785874,6.661454264051098,24.2358187557645,2.198319982510289,7.997965992322855,3.6382173914417493,1.279646675852952,1.4072921107870782,3.7515342398782106,5.089399895448203,8.669074942399678,1.0997505306291235,2.931695373941885,3.9771915103486273,6.77458481781409,2.6657821863152713,3.6164488214190125,6.16011052428283,1.35661827135914,2.310807895673401,1.703358965789468,1.0918125871718087,1.3087342620756444,5.964571937883037,6.688443367623747,18.554199703601455,1.198680320645269,5.462999793154469,6.1259995041358195,16.99394192886489,4.557511872901733,5.110619903093175,14.17720941619929,1.121361840762311,3.1107344997815156,2.77406844669051,1.514315864279265,2.481961655073949,11.136910320545825,22.01093278103564,49.92688791785129,1.638998648578005,7.354416990042175,14.535232245956621,32.969929917239476,4.487140362454151,8.868361336702373,20.11589817102301,1.9763949019531006,4.48301068077599,2.2682767883816224
70.21554923057556,0.8447339818363768,0.39186277718327556,3.548904792032857,8.015588120972053,22.897033378253237,0.46388897050335376,4.201209929210913,9.488890341012297,27.1056141585273,9.056498852844658,20.455089351911408,58.43125377418589,2.2586089485879457,6.4518590156760816,2.856563115854873,0.5672166412076445,1.2098741417146524,2.2443717828592704,3.9409181778323297,6.359285050144318,2.1330018441256318,3.95681582627908,6.9478183317080315,11.211386599315825,1.8550456658892733,3.2572959797679446,5.2561541989250555,1.7559114795195403,2.8334365539218984,1.613655692197647,0.438418213789801,0.45567113384997804,1.58616794943886,1.8464701071770488,3.9161969485834924,1.0393526535109898,3.617933515415822,4.211663770115027,8.932559883246793,3.480948937970424,4.052198987406053,8.59434942805228,1.1641075636601257,2.468967394007002,2.12091001818097,0.8843661735951016,0.7510429964701177,4.0470867677122575,8.092371778497856,21.21204273918095,0.8492443728563226,4.5762568589209485,9.15047637518853,23.985588065801213,5.3886219387351435,10.774844871108298,28.24344656547893,1.9995548015078317,5.241311579581409,2.621239275677276
75.2383394241333,1.435099891561457,0.41825148388124367,8.340421932063554,14.963077438901571,53.24291577148264,0.2914441610236387,5.811736159347611,10.426505866864105,37.100494595921,19.941165192450804,35.77531225962157,127.298809026103,1.7940432223672242,6.3837196972970744,3.5582864547008026,0.6935930056207975,0.4394020761336546,1.3598248339821775,3.351749275316472,6.6379060872170745,0.6335157254654978,1.960551538095561,4.832443880134725,9.570318664439018,3.0947164518370514,7.62797778474073,15.106678934302526,2.4648389936379127,4.881442022042138,1.9804303788774067,1.4012331915322813,1.7151880423532238,4.78126260282495,6.644627329882868,8.786768650907055,1.224056104806956,3.4121819492418153,4.74198539546213,6.270739734118429,2.7876025746221376,3.873993501474331,5.122918556994883,1.3897223143436992,1.8377506907308336,1.3223869774291688,2.8313404724106572,3.4431675773691537,11.661587188132264,22.79015578834581,56.4353742874367,1.2160909685430996,4.118751277624822,8.049245935068289,19.932387092742168,3.386877613735727,6.6189505088681315,16.390539530625368,1.9542927922829272,4.839424803586747,2.4763048928474647
80.24953937530518,1.2921183274507022,0.5742908241369891,2.8090931220965403,8.258548839556711,31.490369934526072,0.44445683644936906,2.1740215755926693,6.391480303394888,24.371119320515568,4.891412162675388,14.380429727337502,54.83348960319534,2.9399341640169694,11.21015522298653,3.8130633536601284,1.3930769870803792,1.0289333018639648,3.2669063301034686,5.547680642109508,10.56418158629646,0.7386047658574927,2.345101067924663,3.9823216473745493,7.583343694763739,3.1750418848192616,5.391681493892369,10.267119906760634,1.6981449976050595,3.233695894170885,1.904251932980667,2.454869354090432,0.8391523080058393,2.753872463842071,4.5783368681669865,10.819968661100287,0.3418317584223371,1.1218000091342637,1.8650022497280034,4.407553763735527,3.2817313824547183,5.455906900914021,12.893927071252236,1.6625086776093874,3.929001361960236,2.3632967544024868,1.2491662534482142,1.3331820469155105,4.951221057391648,10.392639196752585,33.48275277254401,1.0672574953376928,3.9636205698995113,8.319660548037232,26.804080465764905,3.7138371828865684,7.79536389707415,25.114914238464806,2.099005291076123,6.762524311565086,3.2217757336371733
85.29046773910522,1.3090280795107907,0.5828135304719452,4.426405268528986,11.599266314422936,31.663413651162426,0.4452261487696689,3.3814440941429003,8.860975937779584,24.188490794632656,7.594891053652467,19.90219119489246,54.32854934840364,2.6204709263500594,7.153301997963018,2.7297772801190905,0.44109392174192713,0.5077235021195562,1.4204951444106901,1.7274346681362567,3.191745169785316,1.1510553129240633,3.220391563776265,3.916251353712679,7.23597631357234,2.7977730762524344,3.402313780876523,6.286384531070495,1.216079248798069,2.246924378688708,1.8476792371134452,0.9805675140492235,2.1100049776836465,2.8822870063456105,5.037727424548926,7.1030286810414225,2.1518201933597063,2.9394069914097956,5.137563046266733,7.243793598372114,1.3660095766739713,2.387542910007406,3.3663563622674926,1.7478229660883604,2.4643724463953367,1.4099668525987037,1.4431481350639226,1.848245268943761,7.505891980029393,17.731584760730104,38.95868455045255,1.2807037781065318,5.201054415454674,12.28673919877581,26.995624083127765,4.061090866105057,9.59374010510163,21.07874166111987,2.3623554412863625,5.190413698213119,2.1971349473925086
90.27715635299683,0.7354970839007198,0.42451765341284603,2.822103638520731,10.204607565770958,35.788868839203055,0.5771846859832677,3.837001805029141,13.874436471794926,48.65942995911861,6.647788651032182,24.038122993784935,84.3047834441838,3.615957765151365,12.681628112694895,3.5071283837752567,0.8528872431576878,0.3696766934290155,1.6901630308796816,3.801762169949451,4.539252317781258,0.4334414618048954,1.9816957568999447,4.457520264782005,5.322218563119027,4.572003215031523,10.284019083500748,12.278978898227122,2.249346424274079,2.6856890340446666,1.1939863975872043,1.3151471474544694,1.3428284480400572,2.642125590743089,3.0659882827598475,6.698036942705816,1.021048063434701,2.008996176478845,2.3312891555094923,5.092994312971129,1.9675823777783663,2.283231552946954,4.988006437070962,1.1604248842302567,2.535094079620195,2.1846257470614274,1.5687770311688525,1.259869521780231,3.909844985929304,10.018451992647094,16.15144746421234,0.8030902395616648,2.4922885204509826,6.386154178444736,10.295566000337436,3.1033729432589046,7.951975835156914,12.81993665613078,2.5623655231093205,4.130968752556162,1.6121699715750968
95.29464530944824,1.924367171778799,1.490276446475229,32.40132606290928,48.49273897356996,144.62754265845118,0.7744241682826485,16.837392852092226,25.19931730530689,75.15589788655765,21.741822558857606,32.53942521084863,97.04745921504782,1.4966282206912818,4.463630358141744,2.9824576981984383,1.837554756113588,1.4832616589329204,4.446896981734511,8.11996372630638,15.919612309284226,0.8071931756036514,2.420007875650823,4.418896198489361,8.663476425025866,2.99805294295389,5.474397371093646,10.732841514110882,1.8259842221798424,3.5799372854090232,1.9605521460285833,3.5604130850018043,5.579562790181779,8.321037396856351,13.916531775005282,21.45707297140732,1.5671110786794988,2.3370988697655948,3.9086845943883586,6.026568395053646,1.4913421910940188,2.494197538110668,3.8456548977573672,1.672451535942247,2.5786535918602773,1.5418405475094874,3.700447903869119,4.318033456348761,19.228525667126696,57.806243905824765,138.78218444962806,1.1668948107157262,5.196269793994859,15.621418111408524,37.50415843025921,4.453074729853051,13.387169064388054,32.140136442337656,3.006275411153907,7.217515625074242,2.400816504800511
100.3118326663971,1.8109284706988786,2.3208367174828854,8.463465015404228,22.142039550819618,74.746129051205,1.2815728257821368,4.673550144218553,12.226899023943503,41.27503115700576,3.6467300571594996,9.54054172963717,32.20654365218444,2.6161908285222686,8.831622617351249,3.3757562793459184,0.9957743512600116,0.7034372734947146,3.0849520255566363,5.978042135045673,13.432354312925412,0.7064223662766713,3.09804326818929,6.00341043880203,13.489355591383397,4.3855396092823264,8.498330071914491,19.09531214658664,1.9378071637814267,4.35415338768574,2.2469487516957405,2.452368522850104,0.8071230837068569,1.9714505111031784,6.4009600869874,10.228950128336207,0.32911981873296564,0.8038965158515369,2.6101134586201202,4.171049348018985,2.4425648961109374,7.930587312148041,12.673346029651299,3.2468276788777057,5.188540148853304,1.5980337307727916,2.3570248029295335,3.2947891918042416,6.443034849146233,33.24778607219482,81.90929002401576,1.3978593639359103,2.733545629701571,14.105827834680113,34.75113622996718,1.9555226371305405,10.091020741144346,24.86025213017099,5.160267925075788,12.71284292911586,2.4636013311128897
105.32741618156433,1.0054682516463347,0.628031419046222,5.202546964729676,13.426663024749907,39.50283368191317,0.6246158623287161,5.17425284807464,13.353641950171319,39.28799702748642,8.283896007353698,21.378967066871745,62.89945452395564,2.580786510102664,7.592979736602096,2.9421185002629477,1.0340368393937132,0.5629446469604799,1.9070760980088841,4.590776053297467,6.252948659169079,0.5444144981242168,1.8443018907595787,4.439663925309641,6.0471236816237335,3.3876796027918634,8.154933310201192,11.107572818980998,2.4072327570412875,3.27881444568341,1.3620678914794169,0.5505809463434586,0.5477594670568727,1.1353887591248617,2.784303802518829,4.373183068504248,0.994875450548509,2.0621650034663452,5.057028981860097,7.942852177409364,2.072787103480544,5.083077463688529,7.983765377897502,2.452291147100067,3.8517054474583863,1.570655854633404,2.2985982203707365,0.6693277193347861,2.5176298206076666,10.989497468789894,28.736709385590075,0.2911895229897252,1.0952892063936266,4.780956224275428,12.501840961555772,3.761430683178373,16.418709626596442,42.93369085946443,4.365017199445715,11.414191693461134,2.6149247922575305
110.34402990341187,1.4887042857003325,0.7004039313210739,6.416178636214575,16.855128183345606,58.72587465824785,0.47047888425442547,4.309908084395825,11.322012266134125,39.44764263953293,9.160683356120852,24.06486804200847,83.84572392031188,2.6269730222613963,9.152780492547977,3.4841547343599757,1.0667176430278955,0.6992854525486958,2.138116931516558,3.7521182665707964,6.32910309038282,0.6555487828660662,2.0043888328756596,3.5174427751287096,5.933250595178643,3.057573875909662,5.365646107602263,9.050814752852425,1.7548704709566254,2.960129540667176,1.6868079950388206,0.8713416807109061,1.3960209631387814,3.2825867712917653,6.044434735254299,12.437035015156505,1.6021510207107303,3.767278490125233,6.936928267132584,14.273430607622759,2.3513878788118427,4.329759290766043,8.908917089033793,1.8413632773142778,3.788790938879668,2.057601009837566,1.4190888081603203,1.1852339832551568,5.86213974519334,18.870822852247574,45.242633774886784,0.8352077589785741,4.130918171916884,13.297844887319878,31.881467540807733,4.945976767467813,15.921601235580729,38.17190058171574,3.2191015009017314,7.71776786999721,2.397491308626123
115.35828948020935,1.2181781989427316,0.5318704582393792,7.047438504225038,13.15527120679744,37.31517478530332,0.4366113748390791,5.78522790043491,10.799135313876924,30.63195090643513,13.250291297534698,24.733976108288836,70.15838952369275,1.866674139676518,5.2948563883079425,2.83651885230783,1.24122994531397,0.969310234273065,2.507759443929361,5.167946852432849,7.061675866386852,0.7809272068664741,2.0203826481925726,4.163569266068274,5.689256767488474,2.5871587395443703,5.331571533760351,7.285258750706127,2.060782530375119,2.8159303251678898,1.3664374011630007,0.5116467925303211,1.022068900167777,1.0371386194656111,2.9397605857507045,3.6441904609596665,1.9976063860640882,2.0270597502165493,5.745683601791542,7.122472991450847,1.0147443281909474,2.8762841578176683,3.5655037154163063,2.834491485106808,3.513696619297955,1.2396215115691391,2.4974757317861838,1.2034912394168098,9.399781249664187,11.517127749741581,27.418494085545255,0.48188305659974445,3.763712748048008,4.6115073724878926,10.978482688172376,7.810427647333064,9.569764508898773,22.782462545246084,1.2252548696442311,2.9169289536950442,2.380671177860336
120.37855076789856,1.6041096739124545,0.7154907920038337,9.9110167609841,32.0589742667124,71.71649147896854,0.4460360807242922,6.178515672691468,19.985525172053816,44.7079726812261,13.85205354387146,44.80696974020684,100.23398243619084,3.2346806629281843,7.2360377556104085,2.2370176563457145,0.5898133313540629,0.31400916879948765,1.5869044995052404,2.540168226113727,4.236552267156095,0.5323873708968254,2.690519890186455,4.306732471241605,7.182869633397465,5.0536884179919195,8.08947151392183,13.491810711620875,1.600706423673064,2.6696957935886836,1.6678235022401304,0.8915625756167802,1.2926575137447176,1.7843618458300161,6.107554867032131,10.123403788750064,1.449878616596778,2.0013871091388067,6.85039394212677,11.35467556132751,1.3803825273570518,4.724805141416825,7.831466325077425,3.422823056492296,5.673402966112541,1.6575215465349344,4.578900017316055,2.6054841309945793,10.76925600719202,23.675424840980288,42.324384444254854,0.5690196599928812,2.351930805753752,5.170548549094058,9.243351958810296,4.133303242603563,9.086766086709106,16.244345509829902,2.198427154593517,3.930112202364714,1.7876927121068886
125.39425873756409,0.7746201633870186,0.2976659541958364,3.6460956581075177,10.209467550100953,27.869862792780665,0.384273439119239,4.706946488670012,13.179966172659597,35.97874688791986,12.248950901884893,34.29840533050709,93.62798264273412,2.8001096261418748,7.643755240159096,2.72980570788974,0.5335250870199788,0.44298384959773845,1.5352017060097871,3.4514364930121695,7.114140329327262,0.8302961948275737,2.8774686389813544,6.469117529768425,13.334218956907009,3.4655929497291194,7.791337079548892,16.059592998226503,2.248197405918051,4.634010176954499,2.061211424208633,0.9808176274734997,0.6071679071268009,2.932078039305464,4.26236430035565,5.598654788003658,0.6190426131418665,2.9894222505546115,4.345725628254794,5.708150660409013,4.829105762820117,7.020075090143884,9.22093332385968,1.4537008371596065,1.9094494460760805,1.3135092154221797,1.6882802965649706,1.1514295983326812,6.805502652322712,16.64270870725058,30.694069461788196,0.6820132893071233,4.031026522177275,9.857787679636118,18.18067149408741,5.910480903198396,14.453952487716075,26.657356651448342,2.445478248630237,4.510184042219473,1.844295300825399
130.40398168563843,1.7562032357913682,0.5922981792011576,6.9186198417792335,19.433955994145016,52.418089103314784,0.337260612627365,3.9395325670617005,11.065892374004095,29.847393533411015,11.680974355029237,32.81110203707855,88.49949391033404,2.808935371299034,7.576379437236811,2.697242348346734,0.8775892492464128,0.660512187444168,2.3552385318913593,5.9522367182874705,7.190160670433052,0.7526438912183014,2.683759553702152,6.7824859105768045,8.193081987509823,3.5657760396592897,9.011547146948903,10.88573505093852,2.527233075414898,3.052837567436976,1.2079762635014535,3.4239306569901586,3.8719729828725704,3.5169234829361327,7.86022994818561,22.362065682704433,1.1308561331309985,1.0271596697661278,2.2956743975344485,6.531109395294248,0.9083026918041585,2.0300322298101885,5.775367178857297,2.2349732618076277,6.358416892264962,2.8449632937095313,2.263276020635016,1.7554021866847929,7.354169302598582,26.493731875931186,59.33166555031014,0.7756023439828929,3.2493470683859385,11.70592169685858,26.214949042610908,4.189449778735594,15.092684785796331,33.79947114134704,3.602545819358506,8.067758996158194,2.2394604817530936
135.4262158870697,1.53766007958216,2.0610030805820685,4.540370287463476,13.957036351308243,29.741977948053268,1.3403502555272948,2.9527789319322553,9.076802172753874,19.342362036306024,2.2029905390443107,6.771962877108605,14.43082653697613,3.0739863640296794,6.550562193170576,2.1309665748105218,2.017411900480219,1.0971647483004643,2.1584123796514776,3.7827705128870512,4.952113277414536,0.5438476634540018,1.069891765354262,1.8750610680875888,2.4546862622530137,1.9672636976305633,3.4477689141459,4.513554855900615,1.7525708009040708,2.294331391026474,1.309123368849312,2.860306776338323,1.9299230220879864,4.6960530049871725,6.561133711126951,13.659272571177423,0.6747258853676579,1.641800468339594,2.2938566469175425,4.775457193673333,2.4332851368892974,3.399686741924272,7.077625591718906,1.3971592109712299,2.9086708682102564,2.081846396151449,2.2839738542445076,2.0641516621706,5.592274192646187,15.093800091862326,27.846405532545916,0.9037545059172227,2.4484843301746104,6.6085695612549165,12.19208594739231,2.70923609690846,7.312350331850199,13.490484271520762,2.6990450703777364,4.979442096949359,1.8448903101319747
140.43782496452332,2.377081128233872,1.8144711218806624,10.95396705945269,19.537669571863162,56.12582196317244,0.763318971460087,4.608158690650701,8.219185007951031,23.611235349326467,6.037002698670192,10.767693867518137,30.93233134788013,1.7836158777749103,5.123789551178068,2.872697880201694,1.1001534132190907,0.4840277200769661,3.743503696409842,2.80616594986494,4.461412603004137,0.4399638398254682,3.4027106142008035,2.5507042164728575,4.05526406535419,7.73406881699788,5.797531491416911,9.217266734836425,0.7496095042075575,1.1917745953564294,1.5898605722939738,0.8765092637514963,0.8367642936440598,1.8308480538311458,3.062283716439719,5.391549242002138,0.9546553907059393,2.088794870227657,3.493726584626176,6.1511605923319985,2.1880092969286595,3.659673028235528,6.443330915235705,1.6726039662503556,2.9448370828589723,1.760630216285275,3.4352220066571095,1.3957217104512962,5.364411161492532,14.186736140937107,53.5710662086237,0.4062973827445592,1.5615908232704758,4.129787278215108,15.594644568766862,3.8434675919442345,10.164444698900564,38.38234069691578,2.644602681236304,9.986383331906778,3.7761374904294973
145.4574363231659,1.3669332870151896,0.5701504298682918,2.451642289469236,8.622687298398459,17.8850668976454,0.41710186977249036,1.7935347048447383,6.308052763296738,13.084081767222822,4.299992003927069,15.123530294259977,31.36903168130025,3.517106608674634,7.295137212499871,2.074187115769268,0.894050849885754,0.845736149752803,3.058631971641901,4.4217221257092785,5.849987817648707,0.9459597850176811,3.4210939702509617,4.945716595733125,6.543238360990591,3.6165321448490726,5.22825248394749,6.917036500519195,1.4456535361904488,1.9126157942135094,1.3230111823705617,0.7433226134953066,0.6012954568345251,1.9441060452438383,4.394437129733575,5.914416235362363,0.8089293207522225,2.61542701640963,5.911884086331946,7.956728515968533,3.233195965721143,7.3082826084663255,9.836123270410795,2.2603896225128013,3.0422292291265163,1.3458870978820765,1.0129521851936136,0.9951412031012222,2.648210567993321,7.499271089769512,21.510161880463084,0.9824167592974915,2.6143490351295777,7.403381126361968,21.235120665001258,2.6611405092468616,7.5358864313919005,21.61518567759991,2.8318258300177686,8.122527015199697,2.8683003485241647
150.4709370136261,1.7821235289383057,5.494717408007455,4.855739993011481,15.529273112896076,59.92675521640508,3.0832416040659734,2.724693274154947,8.713915091030524,33.62660008877513,0.8837105955504113,2.8262187042167546,10.906248814374653,3.1981269868745543,12.341425880021042,3.8589542975221236,0.8637377502981615,0.47745014596509067,1.6562852966193415,4.861800708167036,6.2586351436352645,0.5527721183892627,1.9175789133305723,5.628792658985609,7.245990049033737,3.4690224950532174,10.182844741495822,13.108457912363633,2.9353642866301475,3.7787180484001275,1.287308040644647,0.8745602357531802,0.5401475659112154,1.2206385610121204,3.558585484915361,6.332295871040642,0.6176219130818756,1.3957169684954793,4.068999869232187,7.2405485776370835,2.2598242370174044,6.588172768884215,11.72327021479439,2.915347424355231,5.1876911587899315,1.7794418309979847,2.0504785096051936,5.297678260841191,9.159038932059337,23.576425479447273,58.96042321066221,2.5836302287612,4.466781236260238,11.49801149780729,28.75447020511064,1.728877912379115,4.450331696002938,11.129483578963173,2.5741156527813014,6.437402837571019,2.5008211385589774
155.48059606552124,0.8563142773296443,0.5377461945550844,1.44685129505233,7.995296424811245,15.20346977874167,0.6279776114816257,1.6896264997054982,9.336871562791192,17.754544308373113,2.6905839775387212,14.868159934495345,28.272575301663604,5.5259973517334195,10.50796984509164,1.901551733787106,0.7339633116504298,0.3347930875120172,0.9773787091243514,1.9340297600594456,3.0296852623307235,0.4561441726006485,1.3316451839078502,2.6350496398934182,4.1278429238077425,2.9193515206291973,5.776791194919832,9.049425974847749,1.9787926031171403,3.0998068957784697,1.566514293057001,0.6048139838155582,0.6681495347944888,1.0367687006071455,2.6502647591063995,3.4389158942651754,1.1047190585432054,1.7141943280916512,4.381950202914975,5.685906718905981,1.551701597646158,3.966574278797597,5.146925523674765,2.5562738897831014,3.3169557416724684,1.2975744715500381,1.116742835598517,0.5446367372875528,2.871676206328279,9.57995892999422,17.983582277524665,0.4877011250272812,2.571474931190588,8.578482551768378,16.103602104495604,5.272645067297608,17.589630434599698,33.01940733393796,3.336016403549599,6.2623990260094295,1.8772087029746292
160.50089859962463,0.3272065176104128,0.09186542323275954,0.5642076307954068,1.7152550886144626,2.82537829238848,0.2807567034533791,1.7243166026025756,5.242117733903836,8.634847230495897,6.141675626594276,18.67138938954778,30.755622659352643,3.0401132402203346,5.007692448975437,1.6472058944134924,0.6765774707019883,0.4406951161144019,2.077273934761742,4.163253717141614,5.9836798093150785,0.6513594306608455,3.0702676703178575,6.153402821441864,8.844042357938203,4.713630486938489,9.447015782359744,13.57782192385756,2.0041909964172,2.880544404463146,1.437260425584469,1.7937484744076573,1.780790740515793,4.718301032346326,8.442544964921108,14.02145516807626,0.9927761700836326,2.6304139625286274,4.7066492796371895,7.816845766353341,2.6495538891783013,4.740896711129454,7.873724210860984,1.7893188474078312,2.9717169531897465,1.6608090601039853,0.6801311597153006,0.3201728691357224,1.0304411418807895,2.383400549556817,2.9467149563967503,0.4707516551215579,1.5150623922481758,3.504324887209249,4.332568673416213,3.218389942478174,7.444105292214766,9.20351235365801,2.3129904782398034,2.859663533055682,1.2363490295177952
165.51123642921448,1.7364625032992862,0.5719958350191832,6.213779866426096,9.087669162164548,23.929987761453106,0.3294029291921874,3.578412925484937,5.233438179573666,13.780883673552424,10.863330615366635,15.887649185172426,41.83594756533596,1.4625025922251398,3.851116112231479,2.633237118829416,1.687896752663612,1.1868406371863722,4.1945140638185014,10.779266617597328,14.810912787694736,0.7031476512490825,2.4850536960861396,6.386212071672594,8.774774146772984,3.5341847358398355,9.082320136216094,12.479276765250283,2.5698487246897814,3.531019937554228,1.3740185963593925,1.289316550882991,3.3097251794787708,2.375685067971767,6.580079610956675,15.286853899022255,2.567038464845657,1.8425925474583993,5.103540791786388,11.856556009114303,0.7177892239215765,1.9881045265495225,4.618768347838987,2.7697608995683902,6.434713971609609,2.323201967582229,1.9032205851760418,1.1898708894276144,7.011077623111189,11.400616609754673,22.423778560119988,0.6251881146596338,3.6837966537981126,5.990170923198665,11.782017667723922,5.892301160913228,9.581389637357145,18.8455560677738,1.6260862056602952,3.1983355149574515,1.9668917329378133
170.52632808685303,2.288195043674782,2.776433563867941,6.946000302959077,30.05201650188841,73.27252012679047,1.2133727723704275,3.0355805210573226,13.133503013635435,32.02197309592835,2.5017707584842674,10.823963840871437,26.39087824046908,4.326521046808176,10.548879489045733,2.4381898007471863,1.1462949387133536,0.98260235860644,4.575568887964565,5.438878539345539,7.955379910845847,0.8571985493623058,3.9916157120089557,4.744746186745227,6.940081162510652,4.656582439364172,5.5351775738246145,8.096235309396608,1.1886781015693582,1.7386646569285478,1.462687547312487,2.0440279066788762,1.8187676706042084,2.439017248126753,6.363792450241435,9.969563059129522,0.8897959096651135,1.193240679423821,3.113358887834993,4.877410443641156,1.341027382192522,3.4989584173372372,5.4814934421049815,2.609162544926257,4.087532823634798,1.566607198000508,1.7659469899532798,3.271530482192873,5.866956153937854,23.872759911232862,44.05070409225596,1.8525643752644156,3.3222719522815747,13.518389876393993,24.944522311749214,1.7933368452080853,7.297122872971429,13.464861272736552,4.069019655994814,7.508272251649518,1.8452287986831701
175.54948592185974,1.8451722519277107,1.9386524363047728,16.18795740858935,22.49978955837194,42.757944243878576,1.0506620367173853,8.77314158159341,12.193869453036534,23.172874076774125,8.350108098512438,11.605891358875214,22.055497645250252,1.389909115181729,2.641342768865401,1.9003708516006446,1.3720827851494113,2.4873469165901634,3.690897772402165,8.300948148524697,14.105456682363904,1.8128256862571939,2.6899964144658,6.049888708151655,10.280324798935444,1.4838693178601388,3.337269961483395,5.670884341980207,2.249032257298784,3.821687175362644,1.699258497942892,2.179869023751882,6.801691452333008,5.402341480336332,12.416091343522417,18.482085237212395,3.120229416640031,2.478287191327712,5.695796953044666,8.478530148293933,0.7942644146969218,1.825441719980351,2.717277807547851,2.298279623514179,3.4211249519276516,1.4885590582300812,2.788539705852773,2.408299783458451,5.915128503128466,17.96488515385643,42.14222197766627,0.8636419192467479,2.121227999986301,6.442398907266957,15.112649064747174,2.456142936920426,7.459571801338563,17.49874424568013,3.0371081785213865,7.124481227310206,2.3458108202055397
180.55836629867554,1.653600535784122,0.7577194281682049,2.877284442060192,10.636641661007628,35.87668696699365,0.4582239856428817,1.7400117983729428,6.432413047062683,21.696102650318306,3.7972953247563663,14.037704809446192,47.348247429429044,3.6967640409550837,12.468939963858857,3.3729336862510224,0.7888509774227894,1.6450694135243684,2.8688505187572937,3.24820085438265,6.218014200980791,2.0853994741806394,3.6367458504392727,4.117635583078903,7.882368633547637,1.7439084911384484,1.9745068674176858,3.779788348054824,1.1322307778481537,2.1674235587827915,1.9142948603658871,1.2815363005344054,3.074257502196544,2.5778449472632325,4.3783324965719395,6.13929076223085,2.3988844490121486,2.0115270602855824,3.4164716947511815,4.790571097885205,0.8385260328457761,1.4241918555760664,1.9969995219477719,1.6984467980590505,2.3815593597856317,1.4021983864947833,3.65255166571803,1.3548949342724301,7.076238061920665,11.900725574322196,32.43836969637946,0.3709447691018713,1.9373409905016623,3.2581949999556583,8.881015975992396,5.222720878885387,8.783504368707977,23.941612648953225,1.6817870555208607,4.584126397745145,2.7257472238810934
185.57915353775024,1.209753472712993,0.38308685706849527,2.990298527832773,9.40626830711118,24.564992751692483,0.3166652261880966,2.4718247108038716,7.775359624318072,20.305784034331417,7.805797752278703,24.553878927329933,64.1238202210114,3.145595070044193,8.214896446976491,2.6115556084150016,0.7600671539656362,0.5488795406118706,1.3985800750319095,3.47738844784043,4.884680493626664,0.7221461126797835,1.8400743509765474,4.575106856936549,6.426643314529427,2.5480637763849314,6.3354309835705775,8.899367041776422,2.486370648288473,3.4925998023496923,1.4046979700125846,0.8002324081544064,1.191594101713181,1.9004444205420525,3.7293129793444844,6.812791843588127,1.489060040021849,2.3748656030128665,4.66028736319925,8.513516541151612,1.594875652547912,3.129683987175473,5.717376272501875,1.9623373033349718,3.5848414033834017,1.8268222273974006,2.2848175470393084,1.3289683381921105,4.065342623518466,10.320130506072704,28.94002239835436,0.5816518434542847,1.7792854526990052,4.516829153139883,12.666229054418439,3.059021427891081,7.765520223086659,21.776306904138526,2.5385635263236077,7.118716693381035,2.8042302741544884
190.58895444869995,1.1401103658318825,1.309648395410449,6.937138404387904,11.049311202156083,36.89380520226159,1.148703173534312,6.084620061607996,9.691439998525006,32.35985419301227,5.296947202545747,8.436853159120762,28.170771125710367,1.5927765251399817,5.318303175114019,3.339014036916835,0.9499945609590243,1.276322367139162,1.9895360152308337,4.270971679259944,6.262116347190318,1.3435049205447114,2.094260427367486,4.49578540212733,6.591739157820736,1.5588036897686897,3.34631108035284,4.9063751513081,2.1467174489748597,3.1475260056871917,1.4662041374798795,1.9601913229073622,2.263362612195611,4.128245864304027,6.594474401525014,13.080511386287526,1.154664131886159,2.1060423113091837,3.364199363837642,6.673078915014514,1.8239436500629285,2.913573974400831,5.779238075156931,1.5974035021862156,3.16853981478953,1.983556321526182,1.7437866644768836,1.537211135299975,13.894993932625407,19.073455593016728,63.978777796578676,0.8815362375541054,7.9682877588662775,10.937952435103954,36.68956707830519,9.039092687754897,12.407830749479114,41.62003275112479,1.3726854207710237,4.604448055666774,3.3543359505344648
195.60459542274475,2.1004280199898564,1.9733594340974434,4.600337944839749,14.92001846534652,45.72829816770879,0.9395034799178567,2.1901907140155012,7.103322905308878,21.770942747149995,2.331221502454675,7.560720164580913,23.172817570674127,3.2432440060370937,9.940204114570047,3.0648955478116924,0.7171943012096913,0.6528670216705059,1.8180278187446215,2.663394226839656,4.201172252983324,0.9103070403227067,2.534916710406308,3.7136299359145912,5.857788113900526,2.7846831872328175,4.07953555384796,6.434958595754595,1.4649909090383304,2.310840466613048,1.5773752945197197,1.320962570962467,0.6999044283434241,1.8917870713104226,6.998107673858458,8.325841699859444,0.5298442542800184,1.4321276869578878,5.297733507134547,6.3028596592204345,2.702921991489635,9.998661803615102,11.895683700081088,3.699204725514345,4.4010458820253024,1.1897275789226216,1.4929097910148863,2.3156132175044974,7.954307013220368,12.666070828623495,31.122982387871083,1.5510737697890866,5.328056029301674,8.484150150836003,20.847195574163628,3.4350758378347006,5.469855990143956,13.440492631758195,1.592353778597179,3.9127207858765667,2.457193142923031
